{"A.268": 0.016963983869487196, "A.269": -0.015752054540734604, "A.266": 0.03804994781669641, "A.267": 0.1084087382909517, "A.264": -0.05676692050883218, "A.265": -0.0791346722985576, "A.262": -0.14086517758098616, "A.263": -0.24134972602424093, "A.260": -0.1171637071487037, "A.261": -0.16955574683143923, "A.389": 0.13320230222735233, "A.388": 0.15078871347809683, "A.541": -1.0754628304757494, "A.540": -0.6775590403589963, "A.545": -0.7228136329554827, "A.544": -0.5845469378186633, "A.381": 0.05030245892517522, "A.380": 0.09236641187469258, "A.383": 0.08146373984227362, "A.382": 0.0894090905255351, "A.385": 0.18164088370129935, "A.384": 0.15933445262684942, "A.387": 0.17042669162255905, "A.386": 0.19526376279695792, "A.450": 0.011534608476092233, "A.499": -0.04431136507094922, "A.498": -0.05174861183106213, "A.374": 0.24166559035868185, "A.375": 0.20503802489401443, "A.376": 0.12196637979378284, "A.377": 0.1282386984742876, "A.370": 0.30127107227956956, "A.371": 0.36829633225872976, "A.372": 0.24553978575527152, "A.373": 0.2330218036328724, "A.477": 0.33210448054103725, "A.476": 0.21537266223376075, "A.475": 0.33944509553365787, "A.474": 0.22867327257716286, "A.378": 0.06819700075622873, "A.379": 0.10112763486161773, "A.471": 0.24578257241334386, "A.470": 0.16202936453535582, "A.259": -0.3083634566705826, "A.258": -0.33570644842924974, "A.419": 0.05646883683677919, "A.418": 0.11273384140208138, "A.253": -0.16654086432084297, "A.252": 0.02958803162455019, "A.251": 0.13399948619192262, "A.250": 0.28954442354303533, "A.257": -0.3768159240794555, "A.256": -0.3624539917699011, "A.255": -0.2753740152386208, "A.254": -0.1643805075538958, "A.495": -0.2655812713045847, "A.494": -0.3053902016245398, "A.398": 0.06478473921442289, "A.399": 0.048383318732298765, "A.491": -1.0271837818704512, "A.490": -0.3454043285056578, "A.493": -0.4992653005528257, "A.492": -0.5297418802999796, "A.392": 0.1894989952984209, "A.393": 0.13592626975018277, "A.390": 0.14978528641601485, "A.391": 0.07498070430601358, "A.396": 0.14993552628974555, "A.397": 0.0956044898737808, "A.394": 0.10202598130137518, "A.395": 0.1438645379042208, "A.543": 0.12194274755099871, "A.363": 0.04215306568891859, "A.518": -1.0209699109557768, "A.542": -0.36495357610338, "A.511": -0.044526867662955265, "A.301": 0.30820608385188963, "A.300": 0.3734465757683697, "A.303": 0.22437095900065127, "A.302": 0.2637670266786288, "A.305": 0.1739105782723295, "A.304": 0.16239367798700113, "A.307": 0.2998222227135834, "A.306": 0.18079926360253706, "A.309": 0.17244967276494735, "A.308": 0.1547392601376333, "A.462": 0.16414761162910968, "A.463": 0.2191604461318363, "A.464": 0.15309069221650065, "A.465": 0.1340808163241453, "A.466": 0.13466356541905275, "A.467": 0.18924941021279598, "A.362": -0.09520308312575702, "A.408": 0.06703368858559863, "A.409": 0.002194266536891426, "A.406": 0.19822636808121147, "A.407": 0.18442592584997652, "A.404": 0.15901373878232078, "A.405": 0.050526875900696495, "A.402": 0.19381534498307704, "A.403": 0.20160913068874428, "A.400": 0.19353651667318067, "A.401": 0.08761983633174478, "A.486": -0.01556519625288178, "A.487": -0.30605190929226167, "A.484": 0.007485673660892877, "A.485": 0.01599321002773874, "A.482": 0.20667811333268513, "A.483": 0.07457335897315856, "A.480": 0.26154826794714264, "A.481": 0.18891171364136505, "A.521": -0.616116810444542, "A.520": -1.124347407427423, "A.523": -0.1754660615522756, "A.522": -0.5408513601092718, "A.525": -0.08787307667099344, "A.524": -0.19343029091573788, "A.410": 0.07487511370951788, "A.489": -0.48601892083887094, "A.468": 0.19084157002208357, "A.497": 0.05072957955507552, "A.469": 0.23558141737168584, "A.478": 0.3408778330269589, "A.312": 0.27368305393119086, "A.313": 0.21751770988946784, "A.310": 0.13455749619425347, "A.311": 0.18514998331302027, "A.316": 0.3013335653367205, "A.317": 0.2515822518730542, "A.314": 0.22835942605021475, "A.315": 0.3186994827226783, "A.318": 0.3576939324781582, "A.319": 0.380892092548552, "A.413": 0.0973210894507467, "A.439": 0.15441075479435154, "A.438": 0.1901509821031847, "A.433": 0.2934240702666731, "A.432": 0.19871444791131052, "A.431": 0.04598645275405515, "A.430": 0.1707678730302948, "A.437": 0.23173216811279904, "A.436": 0.2569631412133984, "A.435": 0.3149823859963286, "A.434": 0.26052739152814663, "A.460": 0.18222748672308653, "A.538": -0.5726094596883226, "A.496": -0.32827250491111476, "A.461": 0.16397384413372865, "A.532": -0.891987293199363, "A.533": -1.6446244791556777, "A.412": -0.10911087877779774, "A.531": -0.5414921368912372, "A.536": -0.5749519847969498, "A.537": -1.2409611631429251, "A.534": -1.0213287923009127, "A.516": -0.43732952714681156, "A.244": 0.37225376812251226, "A.245": 0.39395958493344013, "A.246": 0.3590773160748366, "A.247": 0.3638286899720568, "A.240": -0.008607539310605393, "A.241": 0.24834347517755034, "A.242": 0.32615505286408203, "A.243": 0.3711438351364166, "A.327": 0.37079319388066073, "A.326": 0.2362768731249726, "A.325": 0.424117279941068, "A.324": 0.39693138043781667, "A.248": 0.37442381840951183, "A.249": 0.3815367309170249, "A.321": 0.3711355410567246, "A.320": 0.317979531196573, "A.507": -0.07452001186229947, "A.506": -0.11945600874780211, "A.505": -0.31550033123179927, "A.504": -0.1591172886326915, "A.349": 0.19043897153350828, "A.348": 0.208375445704737, "A.501": -0.23521951250212517, "A.500": -0.07429015255963432, "A.345": 0.09360664513502055, "A.344": 0.16196836181263424, "A.347": 0.23067983807550407, "A.346": 0.11988559225502197, "A.341": 0.12068398632075122, "A.340": 0.07298022681997958, "A.343": 0.1682907077297664, "A.342": 0.11588246844115795, "A.368": 0.6176751236656673, "A.530": -0.8843390175091509, "A.527": -0.6016212771892763, "A.338": -0.10438033213935424, "A.517": -1.2503853149081754, "A.510": -0.06166363303077418, "A.503": -0.29554505794269775, "A.339": 0.10669687174507454, "A.535": -0.32381024712886575, "A.231": -0.22527455534418742, "A.230": -0.3456755666695131, "A.233": -0.24186184658911222, "A.232": -0.3107711771982111, "A.235": -0.3394158668761955, "A.234": -0.18392779247367025, "A.237": -0.2195245610491986, "A.236": -0.22360261678845667, "A.239": -0.13094939163290423, "A.238": -0.20402536516927952, "A.332": -0.27827967272594994, "A.333": -0.17542566204912027, "A.334": -0.30139487038528595, "A.335": -0.2147864297482248, "A.336": 0.10435612395195906, "A.337": 0.05110739811469618, "A.297": 0.1029961079240547, "A.296": 0.10828275979580282, "A.295": 0.17665935261464816, "A.294": 0.1502251152840596, "A.293": 0.11295516323714885, "A.292": 0.054743429747893126, "A.291": 0.004430792925132398, "A.290": -0.2012134579978234, "A.356": -0.45402488315368367, "A.357": -0.2591891889757857, "A.354": -0.14711501427400206, "A.355": -0.20234812380614375, "A.352": 0.218624054202722, "A.353": 0.0039034584233079745, "A.299": 0.33040098319575856, "A.298": 0.19075343642107068, "A.330": -0.11832358525538933, "A.502": -0.32265545843756377, "A.456": 0.02716634669568031, "A.331": -0.021052985124018837, "A.519": -1.447710210353163, "A.529": -0.4167867119983981, "A.539": 0.08231681379803969, "A.528": -0.190843806380983, "A.473": 0.21474963834981253, "A.472": 0.13943201257627144, "A.424": 0.032406894599769566, "A.425": 0.04748900654715496, "A.426": 0.03768082997800664, "A.427": 0.07556650372087416, "A.420": 0.1020597699354962, "A.421": 0.06378256983772815, "A.422": 0.09254106772413177, "A.423": 0.19241202680125316, "A.428": 0.09807634100285137, "A.429": 0.14213646525754522, "A.280": -0.4040666490149236, "A.281": -0.206580168228409, "A.282": -0.3236976584466126, "A.283": -0.06381022225751634, "A.284": -0.024157371968643985, "A.285": -0.14854812253531455, "A.286": -0.3866107542555909, "A.287": -0.46163952895806926, "A.288": -0.29001634673987486, "A.289": -0.18522202529300444, "A.361": -0.1811181171530021, "A.360": -0.25965500332006725, "A.367": 0.3932365051141157, "A.366": 0.30641713926500197, "A.365": 0.29686396959229594, "A.364": 0.15719864519304375, "A.329": 0.0645248438978596,