{"A.268": 0.03491942565343928, "A.269": 0.04168663072752774, "A.266": 0.025540632866092514, "A.267": -0.0046395304701521535, "A.264": 0.04761269326286246, "A.265": 0.03520671101887633, "A.262": 0.051557656848761346, "A.263": 0.03869630606818145, "A.260": 0.03880723845809418, "A.261": 0.049059445600176395, "A.389": -0.2062706362824628, "A.388": -0.22528756916877402, "A.541": 0.0898870753813085, "A.540": 0.07354051537895537, "A.545": 0.13665145400782105, "A.544": 0.08849289517020342, "A.381": -0.24566403031214396, "A.380": -0.27951994405557934, "A.383": -0.6019385083035431, "A.382": -0.29198396149325134, "A.385": -0.5201670032627044, "A.384": -0.553910971798102, "A.387": -0.43128818514979766, "A.386": -0.7878020047534777, "A.450": 0.026281323560038015, "A.499": 0.1491394247377702, "A.498": 0.06998620880519461, "A.374": 0.04699501858975419, "A.375": -0.12123092934340318, "A.376": -0.15195740455652298, "A.377": -0.042618401346456065, "A.370": 0.09830047824428986, "A.371": 0.06968343298201088, "A.372": -0.035061049234112886, "A.373": 0.008920088682001491, "A.477": 0.021539957122782897, "A.476": 0.08682883375104729, "A.475": 0.08746221055421122, "A.474": 0.08078712706287679, "A.378": -0.21987916219605508, "A.379": -0.43867537705244275, "A.471": 0.012089563056687793, "A.470": 0.019838800332007068, "A.259": 0.0844741837902916, "A.258": 0.03143154064652066, "A.419": -0.31399687148215555, "A.418": -0.2679990316383689, "A.253": 0.04972960615459718, "A.252": 0.036106980443342956, "A.251": 0.048350795426101996, "A.250": 0.028151832691242912, "A.257": 0.049834594835269634, "A.256": 0.03216764256084005, "A.255": 0.012156206058887727, "A.254": 0.018354529207221432, "A.495": 0.06750728568901825, "A.494": 0.07029037460966459, "A.398": 0.039080204245814716, "A.399": 0.04666157425304672, "A.491": 0.07087245001956342, "A.490": 0.1028467732263147, "A.493": 0.048127847378775644, "A.492": 0.07110784570039648, "A.392": -0.3417458138312463, "A.393": -0.3221973427385963, "A.390": -0.3182972856345909, "A.391": -0.2757132658024127, "A.396": -0.183143306060658, "A.397": -0.07887802172984194, "A.394": -0.13454882365766743, "A.395": -0.09483938878233926, "A.543": 0.2025702176647612, "A.363": 0.08125194381139551, "A.518": 0.043433116051141155, "A.542": 0.08721635504174045, "A.511": 0.18135231867933313, "A.301": 0.0368130730306268, "A.300": 0.04135187217856232, "A.303": -0.034355779884167395, "A.302": -0.014706024082784784, "A.305": -0.14637342667774617, "A.304": -0.11076767547950196, "A.307": -0.06436314544182825, "A.306": -0.06642116558614802, "A.309": 0.027921788172899985, "A.308": -0.024973117872635234, "A.462": -0.06325464239000439, "A.463": -0.22537211666301732, "A.464": -0.1799439517594515, "A.465": -0.141267959268355, "A.466": -0.257891709814776, "A.467": -0.1966117790978809, "A.362": 0.11976503169038757, "A.408": 0.010108652878724604, "A.409": 0.059865873293802906, "A.406": -0.0457150040648133, "A.407": -0.030665818818048224, "A.404": -0.016901545613106493, "A.405": 0.007180283745659056, "A.402": -0.03281236711478879, "A.403": 0.006055547071899533, "A.400": -0.043125471352217684, "A.401": 0.042401717981679424, "A.486": 0.2011544931287163, "A.487": 0.16410210046034532, "A.484": 0.15843890734939556, "A.485": 0.200875312025219, "A.482": 0.13599848051379704, "A.483": 0.10243494700686444, "A.480": 0.060730562765533326, "A.481": 0.06995805256671417, "A.521": 0.05209509825953105, "A.520": 0.05163280538381888, "A.523": 0.009057920128693992, "A.522": 0.03733783196323286, "A.525": 0.009777463195446081, "A.524": 0.028396052737410714, "A.410": 0.07747286068609253, "A.489": 0.10681223331695126, "A.468": -0.002215436660665307, "A.497": 0.08239308240311813, "A.469": -0.07158678149374761, "A.478": 0.12034393214766087, "A.312": 0.06573256862599046, "A.313": 0.07769268267340046, "A.310": 0.055314229921074785, "A.311": 0.07363934480046247, "A.316": 0.08232019428982407, "A.317": 0.1080605873876802, "A.314": 0.05536478308503016, "A.315": 0.09466948054358648, "A.318": 0.0931489377031863, "A.319": 0.06398262640262822, "A.413": 0.1124381373594445, "A.439": 0.1010745526060239, "A.438": 0.01667696510742641, "A.433": -0.09347447431849389, "A.432": -0.09874473974654811, "A.431": -0.18924001024659312, "A.430": -0.32238820351989916, "A.437": -0.046666796223083104, "A.436": -0.059611752810506326, "A.435": -0.21631454012049492, "A.434": -0.1366914389501498, "A.460": -0.12954168109710953, "A.538": 0.07004842754534392, "A.496": 0.023789350199871242, "A.461": -0.07286847356380553, "A.532": 0.09374054598578602, "A.533": 0.05046273844957121, "A.412": 0.004931284547126898, "A.531": 0.08109873871625563, "A.536": 0.10708780001866322, "A.537": 0.056358565660011684, "A.534": 0.06457325371113906, "A.516": 0.08991697419544396, "A.244": -0.027901814555452837, "A.245": -0.09938161635897104, "A.246": -0.22761745062344774, "A.247": -0.3158820490044055, "A.240": 0.050502345314531946, "A.241": 0.055045493634433625, "A.242": 0.03815039656551642, "A.243": -0.07781215748525344, "A.327": 0.0392319770110414, "A.326": 0.06087556561778068, "A.325": 0.080794506049351, "A.324": 0.12358095277621398, "A.248": -0.04216905800754778, "A.249": -0.04055175083393296, "A.321": 0.07246940443549334, "A.320": 0.09366071268636944, "A.507": 0.11471158420600913, "A.506": 0.1281847779662756, "A.505": 0.08004603670828102, "A.504": 0.11394319472129047, "A.349": 0.1529161874926753, "A.348": 0.1256579055708783, "A.501": 0.09154309571847104, "A.500": 0.11799054668630485, "A.345": 0.1189303453383897, "A.344": 0.08530446245409272, "A.347": 0.09448967905394298, "A.346": 0.13183908253922094, "A.341": 0.08049282080433069, "A.340": 0.024841152663347157, "A.343": 0.06350313092444067, "A.342": 0.07501116982552948, "A.368": 0.10745634743994455, "A.530": 0.0613905710511379, "A.527": 0.07780030050948716, "A.338": 0.08356114725458992, "A.517": 0.036623006429848205, "A.510": 0.1339999940109454, "A.503": 0.07833948716802651, "A.339": 0.03133788810652921, "A.535": 0.11622167008965718, "A.231": 0.0790173271363226, "A.230": 0.01801321358607885, "A.233": 0.0898171217290284, "A.232": 0.06248183946796651, "A.235": 0.09263406559499282, "A.234": 0.12600891602156372, "A.237": 0.0820387882288532, "A.236": 0.025220858048532586, "A.239": 0.1057120388850883, "A.238": 0.09290662833693782, "A.332": 0.06753851458228427, "A.333": 0.07550110047832664, "A.334": 0.08259896239979916, "A.335": 0.08210610176418798, "A.336": 0.05308588126274714, "A.337": 0.03500650039160847, "A.297": 0.010649027914686325, "A.296": 0.02198791828705187, "A.295": 0.03702313021957691, "A.294": 0.061105544577325796, "A.293": 0.07617150023039083, "A.292": 0.05038470326154697, "A.291": 0.05299676139605503, "A.290": 0.02899206486987387, "A.356": 0.10651972455661796, "A.357": 0.11412568331319775, "A.354": 0.1246627439718393, "A.355": 0.10180267075645465, "A.352": 0.08366270037535604, "A.353": 0.10859881538071212, "A.299": 0.04285125763775635, "A.298": 0.031650613167574, "A.330": 0.09255952066625363, "A.502": 0.04358709210773027, "A.456": -0.013371507938075343, "A.331": 0.08844864777720897, "A.519": 0.05421050169683635, "A.529": 0.026008941615410418, "A.539": 0.1306311324272337, "A.528": 0.033810825774466535, "A.473": 0.10145485531065145, "A.472": 0.06361109021179927, "A.424": -0.800325076759626, "A.425": -0.5899976338855697, "A.426": -0.5599938873234133, "A.427": -0.4327624351231688, "A.420": -0.44988971703572794, "A.421": -0.6545236767674961, "A.422": -0.5860890289556443, "A.423": -0.7056392098235581, "A.428": -0.3500793174624773, "A.429": -0.16047089261354738, "A.280": 0.0728333385961386, "A.281": 0.07626671022927223, "A.282": 0.043224218734865205, "A.283": 0.02488851628561065, "A.284": 0.07815973129148529, "A.285": 0.06814230775236056, "A.286": 0.08298291653274516, "A.287": 0.08536990640376955, "A.288": -0.0053835908183229005, "A.289": 0.03395972512249233, "A.361": 0.1015292685320313, "A.360": 0.08216623142201235, "A.367": 0.06511700046615684, "A.366": 0.08149375789888856, "A.365": 0.031006988910480933,