{"A.268": 0.08422099487048493, "A.269": 0.10708580374953769, "A.266": 0.11988930233523032, "A.267": 0.0650933641330524, "A.264": 0.10087657546818661, "A.265": 0.11242545542981948, "A.262": 0.15243680902771245, "A.263": 0.0626615812539026, "A.260": 0.013798664883103606, "A.261": 0.006529716314076795, "A.389": 0.5141506618477629, "A.388": 0.05103287716713778, "A.541": -0.0141609512382187, "A.540": -0.11630520851083301, "A.545": -0.054932591084840894, "A.544": -0.10040563829000568, "A.381": -1.3058373641936993, "A.380": -1.5924766556601293, "A.383": -0.8368869148535423, "A.382": -1.0644350139095218, "A.385": -0.5640162203982104, "A.384": -0.5312386195514468, "A.387": 0.06980155143472708, "A.386": -0.08178914540607497, "A.450": 0.28815126767661725, "A.499": -0.4533610091484623, "A.498": -1.2430663025941382, "A.374": -0.2938264983675508, "A.375": -0.7293550093557748, "A.376": -1.1495699501895047, "A.377": -0.49806136474524587, "A.370": 0.2636565267438894, "A.371": 0.44053850656002097, "A.372": -0.2150062434124911, "A.373": -0.2868632869802853, "A.477": 0.13198515911495756, "A.476": 0.2907806172815648, "A.475": 0.4708963428981418, "A.474": 0.3379018631251416, "A.378": -1.2001434923937668, "A.379": -1.2499604967696654, "A.471": 0.23260121620953922, "A.470": 0.13467289686395523, "A.259": 0.06587669148231225, "A.258": -0.09694333517827207, "A.419": -0.9710140448767234, "A.418": -1.0813768024315864, "A.253": 0.11022578024005848, "A.252": 0.15423451218580933, "A.251": 0.2612284894598411, "A.250": 0.374163446172122, "A.257": -0.3735044663191437, "A.256": -0.1654200803926292, "A.255": 0.05727320150972101, "A.254": 0.08752032235321347, "A.495": -0.3888749021988841, "A.494": -0.45819479803993984, "A.398": 0.08863599293804592, "A.399": 0.08063396582084906, "A.491": -0.3345745359389452, "A.490": -0.17965635126433466, "A.493": -0.41618146128879424, "A.492": -0.5136528540827381, "A.392": 0.2679301410776798, "A.393": 0.10407471074516911, "A.390": 0.4675639788928402, "A.391": 0.3884806379255102, "A.396": 0.13913027021192845, "A.397": -0.0027609590744863805, "A.394": 0.20252376313499912, "A.395": 0.09003826740836328, "A.543": -0.04021681156786373, "A.363": 0.1168236695552197, "A.518": -0.49072041494239527, "A.542": 0.04123280802639023, "A.511": 0.20070686379260808, "A.301": 0.4514346865332839, "A.300": 0.5548286819546735, "A.303": 0.09895753736335322, "A.302": 0.30751852617703496, "A.305": 0.10546374493451638, "A.304": -0.04773080309636379, "A.307": 0.29380444745525697, "A.306": 0.1656518827092954, "A.309": 0.2690456048165653, "A.308": 0.22554578197031433, "A.462": 0.07370166070354461, "A.463": 0.06969639778104678, "A.464": 0.06176332602785257, "A.465": -0.0014196332932414513, "A.466": -0.019933086325872606, "A.467": -0.01615367192654198, "A.362": 0.13752607730198374, "A.408": 0.08506253666413517, "A.409": 0.26872155604668435, "A.406": 0.4242941784855472, "A.407": 0.24096204552218148, "A.404": 0.24128088079829316, "A.405": 0.36190931931834014, "A.402": 0.5617175437062728, "A.403": 0.18100005613996994, "A.400": 0.15709352679931754, "A.401": 0.215717539074664, "A.486": 0.1713144736592976, "A.487": 0.03420558265606442, "A.484": 0.14563432058602446, "A.485": 0.19943670926050805, "A.482": 0.18869825207822594, "A.483": 0.015875532971883276, "A.480": 0.14663785041136937, "A.481": 0.08763054730117575, "A.521": -0.4346731434000516, "A.520": -0.49062352040593826, "A.523": -0.08526891588630305, "A.522": -0.3125752866195765, "A.525": -0.09540491346375368, "A.524": -0.272515922140547, "A.410": 0.2868834721368814, "A.489": -0.13257119372866658, "A.468": 0.0662905820848043, "A.497": -0.8358339320951342, "A.469": -0.0022117891529984776, "A.478": 0.41098602971542114, "A.312": 0.29760127853927376, "A.313": 0.30141183724649306, "A.310": 0.2758521149805847, "A.311": 0.23715522868700428, "A.316": 0.3021157020637366, "A.317": 0.30763127228080644, "A.314": 0.14213876299125652, "A.315": 0.3023427698234395, "A.318": 0.315504324142434, "A.319": 0.4069008259269083, "A.413": 0.3332807793340123, "A.439": 0.4870299993460644, "A.438": 0.6058513010360758, "A.433": 0.35571574785000815, "A.432": 0.099645444564828, "A.431": 0.10375081002911854, "A.430": 0.06727179676210226, "A.437": 0.50846319853433, "A.436": 0.4563570652687992, "A.435": 0.48495137261846416, "A.434": 0.31472634448091286, "A.460": 0.08160332525922763, "A.538": -0.16618332997291121, "A.496": -0.36000016973671445, "A.461": 0.04439201172578495, "A.532": -0.12465087243654953, "A.533": -0.3266371896397599, "A.412": -0.07840916431212902, "A.531": 0.02181624677020767, "A.536": -0.06839910103404374, "A.537": -0.3135709456027019, "A.534": -0.15474981799706503, "A.516": -0.23290545636629423, "A.244": 0.46081682458739887, "A.245": 0.6017083501286838, "A.246": 0.27808941209739385, "A.247": 0.7292250528978192, "A.240": 0.0986125269354286, "A.241": 0.23730787438282308, "A.242": 0.06567276884772207, "A.243": 0.19773060181908847, "A.327": 0.2954696521999603, "A.326": 0.18259250556847156, "A.325": 0.47272820646983077, "A.324": 0.2457379535056857, "A.248": 0.48251313086324044, "A.249": 0.42973489042708957, "A.321": 0.3798226800641226, "A.320": 0.4325732706720716, "A.507": 0.028156055291616584, "A.506": 0.10069968034676478, "A.505": -0.34002108533596653, "A.504": 0.01791429867822907, "A.349": 0.3504339046092398, "A.348": 0.1780117638613726, "A.501": -0.022027828249276505, "A.500": 0.05953191203448939, "A.345": 0.218871909747637, "A.344": 0.15148887212881568, "A.347": 0.2418192256538831, "A.346": 0.2538605033602749, "A.341": 0.23004346056992694, "A.340": 0.2781873680724215, "A.343": 0.30938855402846716, "A.342": 0.2680390798576768, "A.368": 0.4687934950578534, "A.530": -0.1956315911119405, "A.527": 0.10772216655297379, "A.338": -0.010446843083486949, "A.517": -0.34961962734459706, "A.510": 0.05154276767451115, "A.503": -0.19294275498856042, "A.339": 0.27539004659316635, "A.535": -0.009193205770433565, "A.231": 0.02639630551192962, "A.230": -0.07149822665066144, "A.233": 0.09870241022519446, "A.232": 0.014120923447840971, "A.235": 0.14206642570524214, "A.234": 0.2997387054747151, "A.237": -0.061349930384869474, "A.236": 0.03362481656330559, "A.239": 0.31987835981092605, "A.238": 0.18056745332332644, "A.332": -0.03252890260792155, "A.333": 0.08581402092139088, "A.334": -0.007685959465667823, "A.335": 0.05722390492792935, "A.336": 0.20729534296372126, "A.337": 0.17361189096314839, "A.297": 0.10012297425057627, "A.296": 0.05414855059572372, "A.295": 0.22128483318187453, "A.294": 0.27623855486337406, "A.293": 0.24406461004011384, "A.292": 0.17491310501859542, "A.291": 0.18321793785791957, "A.290": 0.036276928663057026, "A.356": -0.0494146236949928, "A.357": -0.09369231814497962, "A.354": 0.1789337200070173, "A.355": 0.02980750601455057, "A.352": 0.17054708291234735, "A.353": 0.13065435163427874, "A.299": 0.46702285833250684, "A.298": 0.31167917925804284, "A.330": 0.15661306555325388, "A.502": -0.6004297760536135, "A.456": 0.09606767646397907, "A.331": 0.19850978634593988, "A.519": -0.36153795213048073, "A.529": -0.14899236862719706, "A.539": -0.05658052377283163, "A.528": 0.04496219325597251, "A.473": 0.3757280625098283, "A.472": 0.29617784892856247, "A.424": -0.28277167361019895, "A.425": -0.26748914162645304, "A.426": 0.15805080432937205, "A.427": -0.09188258363333764, "A.420": -0.9443899146699843, "A.421": -0.6072244602776621, "A.422": -0.451335525336759, "A.423": -0.14987559360349606, "A.428": -0.10360809385556811, "A.429": 0.12456943758328326, "A.280": -0.10018891486660278, "A.281": -0.06644994348949833, "A.282": -0.17618790788074237, "A.283": -0.035690124239166954, "A.284": 0.02368843437598802, "A.285": 0.011174318223796675, "A.286": 0.0649455137527754, "A.287": -0.03181832346727504, "A.288": -0.08720625241264035, "A.289": 0.07583422512774578, "A.361": 0.03640066124263215, "A.360": -0.08447183830283454, "A.367": 0.300080658854257, "A.366": 0.25988805463146947, "A.365": 0.17606114109827894, "A.364": 0.33654110627229106, "A.329": 0.22270580786004252,