{"A.268": 0.03614815830294602, "A.269": 0.02080221732654702, "A.266": 0.07206774363333014, "A.267": 0.06926513050490522, "A.264": 0.07119634441771833, "A.265": 0.09888758975394657, "A.262": 0.06506666767099585, "A.263": 0.07472102432651018, "A.260": -0.0004864216316536107, "A.261": 0.05389893915867475, "A.389": 0.23740169124549526, "A.388": 0.17730446301851674, "A.541": 0.07006835303024024, "A.540": 0.08093571203730822, "A.545": 0.06622409039341837, "A.544": 0.04605611979542064, "A.381": 0.1360564970851094, "A.380": 0.15091067376544967, "A.383": 0.13543450749392313, "A.382": 0.14409629996589907, "A.385": 0.14929965269673706, "A.384": 0.15761829074192826, "A.387": 0.1603213313139376, "A.386": 0.1185026096057035, "A.450": 0.1168409129159601, "A.499": 0.09576159111286435, "A.498": 0.10072833352692033, "A.374": -0.37068248932094117, "A.375": -0.08187687968784756, "A.376": 0.04710771277853962, "A.377": -0.10665985015886238, "A.370": -0.5835498152340062, "A.371": -0.5038293297752953, "A.372": -0.07123663988670871, "A.373": -0.38557184561069385, "A.477": -0.9317771201982494, "A.476": -0.36357655789737264, "A.475": -0.06306707994021105, "A.474": -0.033952318383575125, "A.378": 0.2460768801491253, "A.379": 0.18688176687783745, "A.471": 0.32750831894987625, "A.470": 0.045965506067262, "A.259": 0.007966182104995553, "A.258": 0.01598566694710928, "A.419": 0.16020159018548183, "A.418": 0.09171028039046795, "A.253": -0.005594867961935468, "A.252": 0.06287295915673058, "A.251": 0.0820032978822776, "A.250": 0.2507311158988104, "A.257": 0.015210862527629276, "A.256": 0.04932937065102581, "A.255": 0.07258661496077094, "A.254": 0.06037288641550477, "A.495": 0.046306180869965664, "A.494": 0.07253964268844605, "A.398": 0.07788105130026886, "A.399": 0.03329688625683826, "A.491": 0.07044222126697437, "A.490": -0.0188206247206414, "A.493": 0.012531021677301664, "A.492": 0.033051188585006275, "A.392": 0.14528762676299659, "A.393": 0.08889296468112583, "A.390": 0.2501307445534919, "A.391": 0.25277536963189723, "A.396": 0.10197315065503011, "A.397": 0.06873868602165757, "A.394": 0.1621692515930256, "A.395": 0.06627872646167429, "A.543": 0.12481600527183898, "A.363": -0.21456708842407649, "A.518": 0.013634475028883531, "A.542": 0.06612963364779699, "A.511": 0.03248289603806128, "A.301": 0.24965978758733987, "A.300": 0.26091563720677496, "A.303": 0.09032961470641256, "A.302": 0.3050573127746165, "A.305": 0.1661706592612622, "A.304": 0.09090522219841977, "A.307": 0.287649187636729, "A.306": 0.2390385549582449, "A.309": 0.22761064678064227, "A.308": 0.05575341393431423, "A.462": 0.03212411030685384, "A.463": 0.05898332303840619, "A.464": 0.10795872083166135, "A.465": 0.0545526032943951, "A.466": 0.14172451006119463, "A.467": 0.15104215768011825, "A.362": -0.22895892967566178, "A.408": 0.06524590557515487, "A.409": 0.07020072210310303, "A.406": 0.06750508818572884, "A.407": 0.08492522488273822, "A.404": 0.08708250662898114, "A.405": 0.07291075321512427, "A.402": 0.06204819893064534, "A.403": 0.08412699549464409, "A.400": 0.07790391326236551, "A.401": 0.10718552055588858, "A.486": 0.028532353954735967, "A.487": 0.0916619334748732, "A.484": 0.01810405876589991, "A.485": 0.11419782682244689, "A.482": 0.2863487793512148, "A.483": -0.1087363620315181, "A.480": -0.2867218306170989, "A.481": 0.029776647034339472, "A.521": 0.036939532549108325, "A.520": 0.11495781730992627, "A.523": -0.037803858093752675, "A.522": -0.005682167835504156, "A.525": 0.04655593368252513, "A.524": 0.050347528216929394, "A.410": 0.008663931812281138, "A.489": 0.004315279191627623, "A.468": 0.20732926440687985, "A.497": 0.0997132186908814, "A.469": 0.09114098613885606, "A.478": -0.45430572398165425, "A.312": -0.02309222566720439, "A.313": -0.05017024791606008, "A.310": 0.06714208073543168, "A.311": 0.03898574982476067, "A.316": -0.028366283191536817, "A.317": -0.03529544230319598, "A.314": -0.08598265487144358, "A.315": -0.07414311502305133, "A.318": -0.10183206511286605, "A.319": -0.009200474103839885, "A.413": -0.08840807953716676, "A.439": 0.0290186987468836, "A.438": 0.026299025807991264, "A.433": 0.10747826476865717, "A.432": 0.10340621237528604, "A.431": 0.037647358076050116, "A.430": 0.16375936512921058, "A.437": 0.06533233287654694, "A.436": 0.08756699515349063, "A.435": 0.08373939135312443, "A.434": 0.0949008612465467, "A.460": 0.05902476813409957, "A.538": 0.06594570748705507, "A.496": 0.06246248466617209, "A.461": 0.04145396006838877, "A.532": 0.11705083255561341, "A.533": 0.05414504399757165, "A.412": -0.08356241334586867, "A.531": 0.09434779618337451, "A.536": 0.12603888976205335, "A.537": 0.06510385548596588, "A.534": 0.06611934223273619, "A.516": -0.005000400892732055, "A.244": 0.26551845703222876, "A.245": 0.3903708038596028, "A.246": 0.2957595281932869, "A.247": 0.32115993777880564, "A.240": 0.09497352518585396, "A.241": 0.05211444084785585, "A.242": 0.14254149383013626, "A.243": 0.31410820385086696, "A.327": 0.014707913228862703, "A.326": -0.03071610869795458, "A.325": -0.006759893065590661, "A.324": -0.04614031851178551, "A.248": 0.3150124196578426, "A.249": 0.21405113769636902, "A.321": -0.05258580887873462, "A.320": -0.026762798458368594, "A.507": -0.15452755187754008, "A.506": -0.15745972529648278, "A.505": -0.1599876693784614, "A.504": -0.13949288349528863, "A.349": 0.22618853677293166, "A.348": -0.08532822680706484, "A.501": -0.11384391562292764, "A.500": -2.9367123004303553e-06, "A.345": 0.05736117167193099, "A.344": -0.040457013088688966, "A.347": -0.025972332382764942, "A.346": -0.06336712294874226, "A.341": -0.028389120652770005, "A.340": -0.0011035171572240266, "A.343": -0.15172827147373807, "A.342": -0.17026907857435616, "A.368": -1.2283797041441404, "A.530": 0.023733452114723837, "A.527": 0.06039357354542991, "A.338": 0.0054444192791608835, "A.517": 0.09435957000735462, "A.510": -0.1000603913268271, "A.503": -0.17915986115518454, "A.339": -0.03987513994654406, "A.535": 0.16341429464555943, "A.231": 0.08350866467200668, "A.230": 0.1320411231910293, "A.233": -0.0018789536250287896, "A.232": 0.008928774785783808, "A.235": -0.16497389966142592, "A.234": 0.02982609666968205, "A.237": 0.056882070613394675, "A.236": -0.03711423232647249, "A.239": 0.03478635663645163, "A.238": -0.041406218021716915, "A.332": 0.04860842093672694, "A.333": 0.03910680781492921, "A.334": 0.09392746636349711, "A.335": 0.08553111787396471, "A.336": 0.1349177646747939, "A.337": 0.07221734169386686, "A.297": 0.1400607086784851, "A.296": 0.08071187680211175, "A.295": 0.10217243703632603, "A.294": 0.05824727108896271, "A.293": 0.06980092214510711, "A.292": 0.07785515974200068, "A.291": 0.05538208328728503, "A.290": 0.07491819532340625, "A.356": 0.010598648955836162, "A.357": 0.01914674212388782, "A.354": 0.11300422612267844, "A.355": 0.0402249766862548, "A.352": -0.04449621550278378, "A.353": 0.014906267492270479, "A.299": 0.28120559480511614, "A.298": 0.20223040470093592, "A.330": 0.048039862610467936, "A.502": -0.2297630108244381, "A.456": 0.19912591753467018, "A.331": 0.02316409518047859, "A.519": 0.05236850713839409, "A.529": -0.030055021755161792, "A.539": 0.1316293376535638, "A.528": 0.013180226352505977, "A.473": -0.3800492007902555, "A.472": 0.06691192176902587, "A.424": 0.3235926764858254, "A.425": 0.11891079697302957, "A.426": 0.1508087979698962, "A.427": 0.11950952560354827, "A.420": 0.17073618575325747, "A.421": 0.22020743855320365, "A.422": 0.12702000476702108, "A.423": 0.125270510645062, "A.428": 0.1184965022079185, "A.429": 0.1107496366697474, "A.280": 0.05340643013190939, "A.281": 0.05695589321063396, "A.282": 0.0364331350333208, "A.283": 0.00422754464497769, "A.284": 0.03966859432471407, "A.285": 0.04344832558758351, "A.286": 0.11802867800770984, "A.287": 0.08419958562268812, "A.288": 0.09353144271624962, "A.289": 0.0829245925773496, "A.361": -0.1062759967011563, "A.360": -0.017803026291529685, "A.367": -1.3569901929037747, "A.366": -0.7399878023831932, "A.365": -0.7471477531590752,