{"A.268": 0.16788134658276072, "A.269": 0.07073448931304507, "A.266": 0.15503917404871895, "A.267": 0.10420909237254848, "A.264": 0.3388976206282642, "A.265": 0.2591806675108835, "A.262": 0.2488777717082558, "A.263": 0.3048444048207766, "A.260": -0.04696323058472985, "A.261": 0.17762227240106412, "A.389": 0.761886551308282, "A.388": 0.45142325838249003, "A.541": 0.03438021540799019, "A.540": 0.02213007326185624, "A.545": -0.026296599286873633, "A.544": 0.07503951208614161, "A.381": 0.5142221798399891, "A.380": 0.8469419064306974, "A.383": 0.5527533361637045, "A.382": 0.6268675817757717, "A.385": 0.5989206761747453, "A.384": 0.5683308508670019, "A.387": 0.5932151248651544, "A.386": 0.6127038858742685, "A.450": 0.13785113924449469, "A.499": 0.5256608992743002, "A.498": 0.5730080627245349, "A.374": -0.3287165303149337, "A.375": -0.14486614229237108, "A.376": 0.5860604960990544, "A.377": 0.09498434015966033, "A.370": -0.5899575342829589, "A.371": -0.15348657872365584, "A.372": -0.04061626064138544, "A.373": -0.15725338867185482, "A.477": -1.6422156511902581, "A.476": -0.7990760198841951, "A.475": 0.13327781753325618, "A.474": -0.3896479756740156, "A.378": 0.6711937522577555, "A.379": 0.7128199850785037, "A.471": 0.7028855791464467, "A.470": 0.3334966397207196, "A.259": 0.10722400398513651, "A.258": 0.1483612205014372, "A.419": 0.5549874094463925, "A.418": 0.3910829808479262, "A.253": -0.046333162774176866, "A.252": 0.05049682017496238, "A.251": 0.05888186264675854, "A.250": 0.546867915277104, "A.257": 0.17479149755624915, "A.256": 0.17233638540139484, "A.255": 0.04078292224774838, "A.254": 0.014076038123224624, "A.495": 0.23033216864303288, "A.494": 0.340647021446925, "A.398": 0.18709797783166848, "A.399": 0.07983254721613292, "A.491": -0.16440773958140067, "A.490": -0.44257836529422007, "A.493": 0.2957168434259656, "A.492": 0.11132080098422484, "A.392": 0.4200406695921392, "A.393": 0.31955955694286603, "A.390": 0.8407902344901098, "A.391": 0.7600299498954454, "A.396": 0.18258546835852726, "A.397": 0.15085475675407214, "A.394": 0.43647023824120246, "A.395": 0.07865200002150086, "A.543": -0.0642020446691444, "A.363": -1.7306133451941108, "A.518": -0.17054570810175226, "A.542": -0.04435029295215546, "A.511": -1.1412884535549614, "A.301": 0.44163878265875844, "A.300": 0.6663728536468307, "A.303": 0.2047866032088578, "A.302": 0.49198197232604696, "A.305": 0.3058471493739099, "A.304": 0.09272566795449459, "A.307": 0.42667369002993144, "A.306": 0.31008354324657156, "A.309": 0.43765655330519043, "A.308": 0.34927817424998764, "A.462": 0.22220825887133186, "A.463": 0.4225093645318964, "A.464": 0.33331878356042394, "A.465": 0.2743271992938377, "A.466": 0.33198545869842916, "A.467": 0.3506535462139678, "A.362": -1.2599626804962998, "A.408": 0.19104386483176722, "A.409": 0.24587323694668747, "A.406": 0.6218743850412116, "A.407": 0.34347244478188166, "A.404": 0.31486235694368886, "A.405": 0.3162712749504808, "A.402": 0.43384698689299966, "A.403": 0.3702788297518961, "A.400": 0.27524240185144394, "A.401": 0.21509513044053136, "A.486": -0.2408604695440943, "A.487": -0.1338959591622523, "A.484": -1.0341171197354713, "A.485": -0.7481286394865774, "A.482": -1.0111785005127554, "A.483": -1.5107671983407103, "A.480": -1.198710634757029, "A.481": -1.1869640808896404, "A.521": -0.04270589955707504, "A.520": 0.21499023051597008, "A.523": 0.24032216582114593, "A.522": 0.09950381506909833, "A.525": 0.32100123054045376, "A.524": 0.3825291462212827, "A.410": 0.29238911967341846, "A.489": -0.36386892853821606, "A.468": 0.4080995449680351, "A.497": 0.5331532985345714, "A.469": 0.22528613459831023, "A.478": -0.5227372058301313, "A.312": 0.37463547807756675, "A.313": 0.23008195785797458, "A.310": 0.26501259591678267, "A.311": 0.2821617519130814, "A.316": 0.0515268563998309, "A.317": 0.22366987285153925, "A.314": 0.13474808369177038, "A.315": 0.007553165148302304, "A.318": 0.0464144280359296, "A.319": 0.17998748176381343, "A.413": 0.10773866396027552, "A.439": 0.5737722191911921, "A.438": 0.6006184271190753, "A.433": 0.47044483424905464, "A.432": 0.26490566655425846, "A.431": 0.310102161460267, "A.430": 0.43342673260719355, "A.437": 0.5970513828331382, "A.436": 0.48027493368433266, "A.435": 0.4772851311626342, "A.434": 0.44914695358266976, "A.460": 0.2704617702086196, "A.538": -0.009506092647957473, "A.496": 0.3286237902949702, "A.461": 0.1477008689062773, "A.532": 0.10903032933903674, "A.533": -0.0016866801957114263, "A.412": 0.1532154576460603, "A.531": 0.14581829197372653, "A.536": 0.03045303468918272, "A.537": -0.0769841149652058, "A.534": 0.08078333637552483, "A.516": -0.30881017469787364, "A.244": 0.7683608981321026, "A.245": 0.9466838722941239, "A.246": 1.2276205241270524, "A.247": 1.446746105691776, "A.240": 0.10203853496286794, "A.241": -0.03902299394012025, "A.242": 0.32934520941785517, "A.243": 0.817589041101137, "A.327": 0.1642492010919057, "A.326": -0.045211911169801416, "A.325": 0.10648359373593129, "A.324": 0.08146362936987317, "A.248": 0.7879656862702731, "A.249": 0.5396701932956357, "A.321": 0.14371036397343392, "A.320": 0.2714757977618852, "A.507": -1.2655747537793496, "A.506": -2.021320097376408, "A.505": -1.1253315032329825, "A.504": -1.1411720470051434, "A.349": -0.23861076177116716, "A.348": -0.03739192279542065, "A.501": -0.042306966028159976, "A.500": 0.30734469813175797, "A.345": -0.38084041647806843, "A.344": -0.002927096021820883, "A.347": -0.05772495359798397, "A.346": -0.5585217201353323, "A.341": 0.086708674469374, "A.340": 0.1787821555942208, "A.343": -0.2402460345818023, "A.342": -0.42025817173832175, "A.368": -1.5998421045870483, "A.530": 0.03878434623099523, "A.527": 0.204134523005415, "A.338": 0.0542737433445281, "A.517": -0.21808489515388996, "A.510": -1.9345247842761761, "A.503": -0.43432396551221286, "A.339": 0.019934225093549245, "A.535": 0.1612223211446088, "A.231": 0.125712099477663, "A.230": 0.24687411137033055, "A.233": 0.08028132027150933, "A.232": 0.10163571324486355, "A.235": -0.5943748255456164, "A.234": 0.1466110283633986, "A.237": -0.3999728613313818, "A.236": -0.8705751174286825, "A.239": 0.03975358334356604, "A.238": -0.2875042695446875, "A.332": 0.17681603861945694, "A.333": 0.28063258675392483, "A.334": 0.2922183322223318, "A.335": 0.38317289502554724, "A.336": 0.30828366037327504, "A.337": 0.27667869637007153, "A.297": 0.19933594396973223, "A.296": 0.1464860755020549, "A.295": 0.17915542473756882, "A.294": 0.18107921505536817, "A.293": 0.24980514480441968, "A.292": 0.17065464429003155, "A.291": 0.16368864817685164, "A.290": 0.1557480704248399, "A.356": -0.0610506519198244, "A.357": -0.1345685569059655, "A.354": 0.13351635356037006, "A.355": -0.06361573150608425, "A.352": 0.05263878320272416, "A.353": 0.05821085511626006, "A.299": 0.5949009116346006, "A.298": 0.2862288577410925, "A.330": 0.19941449379930995, "A.502": -0.2237090843947125, "A.456": 0.21237989450455566, "A.331": 0.13790938552228021, "A.519": 0.052345509915778334, "A.529": 0.016230625968567475, "A.539": -0.0034175371432967616, "A.528": 0.07125352675273623, "A.473": -0.5346757671025862, "A.472": 0.35720841689500443, "A.424": 0.45880388364225944, "A.425": 0.2648267700991291, "A.426": 0.32597144376260884, "A.427": 0.3311677426570774, "A.420": 0.6742563823905349, "A.421": 0.4398815220782493, "A.422": 0.4564466499895169, "A.423": 0.48009010722882467, "A.428": 0.2659077619821995, "A.429": 0.25116192552248046, "A.280": 0.3017545822223045, "A.281": 0.178182770210102, "A.282": 0.22496284248065146, "A.283": 0.19387505749506925, "A.284": 0.13622224629104657, "A.285": 0.08482905123995552, "A.286": 0.40867508663842134, "A.287": 0.3224284312277515, "A.288": 0.1912701995300446, "A.289": 0.12998740354349686, "A.361": -0.8269070405928655, "A.360": -0.09462218042193003, "A.367": -1.7321119726212963, "A.366": -1.3432573057653927, "A.365": -1.3330097444463735, "A.364": -2.4656360828299255, "A.329": 0.07336136469822689, "A.513": -0.6699872083131873, "A.508": -1.2903622665688954,