{"A.268": 0.06744701194715085, "A.269": 0.058480521851277695, "A.266": 0.09387049555345357, "A.267": 0.10153716478139242, "A.264": 0.0003868400388802951, "A.265": 0.03298354220396774, "A.262": -0.006203668282110422, "A.263": -0.06167949242658684, "A.260": -0.007898583735600246, "A.261": -0.017422532086697612, "A.389": -0.031695673570706254, "A.388": 0.01852495243576591, "A.541": -0.1717772795418607, "A.540": -0.2178037141616598, "A.545": -0.2029140925380465, "A.544": -0.16196497171760882, "A.381": 0.001461292977629083, "A.380": -0.0032456031524003004, "A.383": 0.01933991884518496, "A.382": -0.0018000655354411834, "A.385": 0.0423341940631828, "A.384": 0.03611859976907428, "A.387": 0.014360404656780144, "A.386": 0.0355246681808242, "A.450": 0.10314524446998685, "A.499": -0.37316039226193604, "A.498": -0.17968666129020064, "A.374": 0.11759344476039042, "A.375": 0.06645275454889878, "A.376": -0.04328946886385663, "A.377": -0.005405480194807709, "A.370": 0.1276878879006556, "A.371": 0.1016312772919616, "A.372": 0.07301565144869337, "A.373": 0.06923495339317648, "A.477": 0.054389527798634096, "A.476": -0.0021472086674438466, "A.475": 0.007225328432004704, "A.474": 0.00888970800232013, "A.378": -0.030240121102570995, "A.379": -0.009004579926733015, "A.471": 0.04920570901953211, "A.470": 0.07345520612410779, "A.259": -0.07285354845657067, "A.258": -0.041201813979657914, "A.419": -0.030390733879800565, "A.418": -0.03441939688687587, "A.253": 0.016519306535473486, "A.252": 0.05768305703034157, "A.251": 0.12220485079465385, "A.250": 0.2725067806141366, "A.257": -0.0416287211864369, "A.256": -0.02797072148053602, "A.255": -0.0034768818163892407, "A.254": 0.010913537311835437, "A.495": -0.1725577691313548, "A.494": -0.325930878089299, "A.398": 0.03977470504843399, "A.399": 0.02208554696246935, "A.491": -0.41283283189889225, "A.490": -0.5055325410651403, "A.493": -0.3395171358238481, "A.492": -1.0686830602116684, "A.392": 0.045729580339466704, "A.393": 0.029136111097928505, "A.390": 0.002859247240373724, "A.391": -0.01807845156386478, "A.396": 0.08435062298176611, "A.397": 0.03703229896964954, "A.394": 0.04543658529197908, "A.395": 0.05122292904541189, "A.543": -0.029334603607442326, "A.363": -0.24506330467491583, "A.518": -0.46018633329815256, "A.542": -0.11474374018827574, "A.511": -0.2561518957065624, "A.301": 0.27086273189503796, "A.300": 0.29765834283638504, "A.303": 0.13652761862637158, "A.302": 0.2934496916256994, "A.305": 0.0836390287860669, "A.304": 0.0999856958905664, "A.307": 0.3076838680563768, "A.306": 0.08601486028329745, "A.309": 0.0625192842921779, "A.308": 0.145646508484147, "A.462": 0.08688679391448158, "A.463": 0.06864655157909637, "A.464": 0.0648473075979396, "A.465": 0.07714979642020908, "A.466": 0.04273640706810157, "A.467": 0.06144631986680364, "A.362": -0.35767180044856156, "A.408": 0.04182892246874916, "A.409": 0.05542038205464045, "A.406": 0.16063033128368157, "A.407": 0.10524422046564026, "A.404": 0.0983844070941663, "A.405": 0.11557882636852218, "A.402": 0.14349703755634727, "A.403": 0.10218495686463339, "A.400": 0.1043423504929286, "A.401": 0.07517070272488563, "A.486": -0.13435422618616377, "A.487": -0.1287962117794072, "A.484": -0.18591444735680265, "A.485": -0.17491067779312097, "A.482": -0.03163544289387987, "A.483": -0.16785786204809458, "A.480": 0.07777100418381387, "A.481": 0.04497766872309898, "A.521": -0.08447936296304762, "A.520": -0.22638531450182794, "A.523": -0.19743025962355, "A.522": -0.08573788005078463, "A.525": -0.002420956258579013, "A.524": -0.10678477087326321, "A.410": 0.06252097368669517, "A.489": -0.2349989236235731, "A.468": 0.07299286994441206, "A.497": -0.21175717276412, "A.469": 0.12310359514663001, "A.478": -0.0188018252273679, "A.312": 0.09631910012309465, "A.313": 0.1289028391487393, "A.310": 0.03891850641121026, "A.311": 0.018502400640221933, "A.316": 0.16762808752035877, "A.317": 0.1360157489593027, "A.314": 0.08086259757212197, "A.315": 0.1399767404517367, "A.318": 0.12140198911401082, "A.319": 0.254558552866832, "A.413": 0.08272653677777675, "A.439": 0.1305646125316, "A.438": 0.13566027962125132, "A.433": 0.15595741727298218, "A.432": 0.07751584447893413, "A.431": 0.06312927714293011, "A.430": 0.047304080917082235, "A.437": 0.16713622203933542, "A.436": 0.20178486761051032, "A.435": 0.26458914009028944, "A.434": 0.18179049496789873, "A.460": 0.0645878769522072, "A.538": -0.13763326998379588, "A.496": -0.34867561268234865, "A.461": 0.10712379106161342, "A.532": -0.09962692831510378, "A.533": -0.196030782377932, "A.412": -0.07123814601697456, "A.531": -0.0007138333691352874, "A.536": -0.08516490170108416, "A.537": -0.21400066358502282, "A.534": -0.13753455791272598, "A.516": -0.40963916350764656, "A.244": 0.35148694072178205, "A.245": 0.42507168791597433, "A.246": 0.2188236552311261, "A.247": 0.37744180966839913, "A.240": 0.05082339440887569, "A.241": 0.12343186889140069, "A.242": 0.23821858906455512, "A.243": 0.3391312269170626, "A.327": 0.11571138228437894, "A.326": 0.11674015289030945, "A.325": 0.19165084713588165, "A.324": 0.21329004360862172, "A.248": 0.30090447564284384, "A.249": 0.34104910697054636, "A.321": 0.17655384562035456, "A.320": 0.17767097740225107, "A.507": -0.5234893816187353, "A.506": -1.214722518265461, "A.505": -1.8366742344778657, "A.504": -0.7819084331198071, "A.349": -0.07424096529317419, "A.348": 0.03782835791456462, "A.501": -1.3675465243646385, "A.500": -0.9910904333126465, "A.345": -0.07764162525886588, "A.344": 0.027643955415184936, "A.347": -0.024351170289602184, "A.346": -0.07680846178309125, "A.341": 0.064035769777512, "A.340": 0.05208803747091472, "A.343": 0.009466907989448109, "A.342": 0.0064870569116384875, "A.368": 0.2221227511301407, "A.530": -0.08036250711101033, "A.527": 0.007321346436895845, "A.338": -0.07655000906740292, "A.517": -0.26584742504081016, "A.510": -0.15817223334986633, "A.503": -1.3292934068241395, "A.339": 0.012968075188018893, "A.535": -0.08317920607822356, "A.231": -0.0021204923266516544, "A.230": -0.0001969766511931037, "A.233": -0.05282395307101447, "A.232": -0.038623234762415304, "A.235": 0.0009625295518104093, "A.234": -0.05980034469462743, "A.237": 0.025291952038424114, "A.236": 0.03845277395948978, "A.239": 0.0020203165619901817, "A.238": 0.02374035094805718, "A.332": -0.04646974540810941, "A.333": -0.004469741221697499, "A.334": -0.020082718730642168, "A.335": -0.08305660737640129, "A.336": 0.08786557002613386, "A.337": 0.059251643323396094, "A.297": 0.09091465333369159, "A.296": 0.0561433672421123, "A.295": 0.13187165930473385, "A.294": 0.10572475344228495, "A.293": 0.08750041413033914, "A.292": 0.040095072061636, "A.291": 0.028923808227937678, "A.290": -0.014756659201622956, "A.356": -0.0785746818314463, "A.357": -0.1021734629868337, "A.354": -0.04962329433802467, "A.355": -0.06716677501514035, "A.352": 0.04008177554418093, "A.353": -0.04060727966736664, "A.299": 0.2639218306547182, "A.298": 0.12422199652334656, "A.330": -0.02089371632808004, "A.502": -1.610468584682544, "A.456": 0.11638023905944157, "A.331": 0.006731527717773444, "A.519": -0.2751773103619005, "A.529": -0.01056744151861782, "A.539": -0.07310086032724891, "A.528": 0.06997898871040004, "A.473": 0.027502828143693894, "A.472": 0.015099405575664599, "A.424": 0.047266038590581434, "A.425": 0.07498047542630867, "A.426": 0.0731509188298224, "A.427": 0.06477712195508122, "A.420": -0.014283680590455386, "A.421": -0.011159970154694826, "A.422": 0.0042383394991316724, "A.423": 0.08304694740800438, "A.428": 0.054152481571863566, "A.429": 0.08295858987361951, "A.280": -0.0789000218230834, "A.281": -0.022300311521330968, "A.282": -0.03559633960780918, "A.283": 0.09752477881933014, "A.284": 0.039821728308337905, "A.285": 0.0032153089780852587, "A.286": -0.10766578067131194, "A.287": -0.0891608320618668, "A.288": -0.008320008145173063, "A.289": 0.015021384397629371, "A.361": -0.7317679253515289, "A.360": -0.3587830042707814, "A.367": 0.06016639435720017, "A.366": 0.09930060299138542,