{"A.268": 0.029513283136275832, "A.269": 0.033619825986968464, "A.266": 0.06724151186294682, "A.267": 0.0706146594618421, "A.264": -0.024737752008375854, "A.265": 0.00986112811100773, "A.262": -0.021291975177590572, "A.263": -0.05756124608766969, "A.260": -0.01825735235896241, "A.261": -0.01992953777922434, "A.389": 0.022746383359094072, "A.388": 0.03466725788349129, "A.541": -0.14506161974391935, "A.540": -0.19964667373583173, "A.545": -0.18708332968623806, "A.544": -0.12530474443650527, "A.381": -0.024280267506477785, "A.380": -0.039598369734237415, "A.383": 0.017844987708347738, "A.382": -0.016703947582586736, "A.385": 0.03036824524727325, "A.384": 0.019796204477484928, "A.387": 0.044387673614165075, "A.386": 0.05312879479996745, "A.450": 0.06716841718439892, "A.499": -0.3971054287175229, "A.498": -0.20645819253826095, "A.374": 0.13442914369171327, "A.375": 0.05745781635296204, "A.376": -0.06430027174694651, "A.377": 0.0043254399292162165, "A.370": 0.18378654226925897, "A.371": 0.18004684974918725, "A.372": 0.06542543211713653, "A.373": 0.10565221291627669, "A.477": 0.15865210931837698, "A.476": 0.06085414809811307, "A.475": 0.030794424305526535, "A.474": 0.004772223762837646, "A.378": -0.05722829267025498, "A.379": -0.03164889961878291, "A.471": -0.03725000886872428, "A.470": -0.012242670421050346, "A.259": -0.10550703435059708, "A.258": -0.017473993914114368, "A.419": -0.04899417422694621, "A.418": -0.05025698914060008, "A.253": -0.007611355291385136, "A.252": 0.02046079640103528, "A.251": 0.06915791338689792, "A.250": 0.17106292390558592, "A.257": -0.026081817861369053, "A.256": -0.05333215059668481, "A.255": -0.03880553294832104, "A.254": -0.019025512980775188, "A.495": -0.18685305236059677, "A.494": -0.362355256343512, "A.398": 0.04663136489101814, "A.399": 0.02708908223333561, "A.491": -0.40260347560399024, "A.490": -0.32004000005236594, "A.493": -0.3570400737853745, "A.492": -0.8546689481869679, "A.392": 0.0620156254212815, "A.393": 0.04458917247637799, "A.390": 0.04905489127214523, "A.391": 0.042759417621442766, "A.396": 0.07824737504228928, "A.397": 0.04406386864218231, "A.394": 0.04771434926716139, "A.395": 0.06623855615624236, "A.543": -0.07600554846231555, "A.363": -0.0876849733355838, "A.518": -0.44728436498053337, "A.542": -0.14586075770678592, "A.511": -0.133788940497143, "A.301": 0.17467156868225397, "A.300": 0.20174924241784584, "A.303": 0.11565256835789473, "A.302": 0.16870010077502454, "A.305": 0.0772504935016273, "A.304": 0.0718242506916478, "A.307": 0.18121002847111642, "A.306": 0.03399303886577158, "A.309": -0.0019005722539076632, "A.308": 0.08104271444545842, "A.462": 0.07182500039650337, "A.463": 0.08501727217275519, "A.464": 0.07020973829546086, "A.465": 0.06525848800835118, "A.466": 0.05786999001767493, "A.467": 0.059039517857589104, "A.362": -0.2034637813194641, "A.408": 0.03218615381937672, "A.409": 0.03909326562235913, "A.406": 0.1341782325477044, "A.407": 0.08644854521650275, "A.404": 0.07989286254821501, "A.405": 0.08821315552239627, "A.402": 0.1108391519511277, "A.403": 0.08694679540705194, "A.400": 0.08097363763882122, "A.401": 0.05315995736949714, "A.486": -0.09204693821803714, "A.487": -0.11108386014307177, "A.484": -0.0905392113691982, "A.485": -0.09640668297204442, "A.482": 0.020199031038160873, "A.483": -0.024440806259313403, "A.480": 0.13159980867110202, "A.481": 0.07287959223347312, "A.521": -0.08987339335684674, "A.520": -0.2563001288258326, "A.523": -0.18724912289980603, "A.522": -0.09588288373966884, "A.525": 0.0006074781110366682, "A.524": -0.11958141328642667, "A.410": 0.052983645070502794, "A.489": -0.1777880283642016, "A.468": 0.021213942219398315, "A.497": -0.23411701662686585, "A.469": 0.0851393300951767, "A.478": 0.10403651614086473, "A.312": 0.05935068477852331, "A.313": 0.06968579104043146, "A.310": 0.01651978392287141, "A.311": 0.009941130689470827, "A.316": 0.10717718700727259, "A.317": 0.07244353498209898, "A.314": 0.04381695016505397, "A.315": 0.06784575330964619, "A.318": 0.07653178969670651, "A.319": 0.15656073867538384, "A.413": 0.04474116122176373, "A.439": 0.1303750372637215, "A.438": 0.12264432016806157, "A.433": 0.11907442089496714, "A.432": 0.0304517838564256, "A.431": -0.04128559142292631, "A.430": -0.008362848985204658, "A.437": 0.14875264142213404, "A.436": 0.1759901865227198, "A.435": 0.23877386214796648, "A.434": 0.16292946345906795, "A.460": 0.08166671876954974, "A.538": -0.14079308271749127, "A.496": -0.36769890757843643, "A.461": 0.08356822700247411, "A.532": -0.17267240136356993, "A.533": -0.21236222625438897, "A.412": -0.08676307929497724, "A.531": -0.040785251731922226, "A.536": -0.13931260574665685, "A.537": -0.20569696909093227, "A.534": -0.17507842904281457, "A.516": -0.2531294848941175, "A.244": 0.2511704452669751, "A.245": 0.3021761481353766, "A.246": 0.4057087849572843, "A.247": 0.5181490276876017, "A.240": 0.01690646460554189, "A.241": 0.0716839030999674, "A.242": 0.16688250600338833, "A.243": 0.2691734144871398, "A.327": 0.06762018120669425, "A.326": 0.07031691115197611, "A.325": 0.12168394992340657, "A.324": 0.14622235247959983, "A.248": 0.2535923639139594, "A.249": 0.22150609098129861, "A.321": 0.11939662248508154, "A.320": 0.12176291012406942, "A.507": -0.28963300351446447, "A.506": -0.3269210878343071, "A.505": -0.7157850017256802, "A.504": -0.4654224819923312, "A.349": -0.030258956503069825, "A.348": -0.004790789531792148, "A.501": -0.921518169644772, "A.500": -0.6738332602690976, "A.345": -0.05643950278750248, "A.344": -0.0020344926146865275, "A.347": -0.010898942714793143, "A.346": -0.05733274602193758, "A.341": 0.03248371784808922, "A.340": 0.03855117133277732, "A.343": 0.024031549433303406, "A.342": 0.023185318164857978, "A.368": 0.34536271447722616, "A.530": -0.08662157565165186, "A.527": -0.006238905419737771, "A.338": -0.09587270040344849, "A.517": -0.2648866833581786, "A.510": -0.08049612321211382, "A.503": -0.8857450131685425, "A.339": 0.026941486885526424, "A.535": -0.17071401765637276, "A.231": -0.012480779943405622, "A.230": -0.023600914011554914, "A.233": -0.06331697481803333, "A.232": -0.04050836261553189, "A.235": -0.06561947516887601, "A.234": -0.06938142711037713, "A.237": -0.019936576634003802, "A.236": -0.023444984719768726, "A.239": -0.01264132008769142, "A.238": -0.005068670445022352, "A.332": -0.058734280583560755, "A.333": -0.04542784268009186, "A.334": -0.06356322229026405, "A.335": -0.10761369633876151, "A.336": 0.044069617122908696, "A.337": 0.0243516159715053, "A.297": 0.07952945100385864, "A.296": 0.03613176242271784, "A.295": 0.0966234906472525, "A.294": 0.05703559512592156, "A.293": 0.03561512075253195, "A.292": 0.011573728748513727, "A.291": -0.003411537680333224, "A.290": -0.02858435139443545, "A.356": -0.09563536255661793, "A.357": -0.1411873476117007, "A.354": -0.054216635469186515, "A.355": -0.0719754013733658, "A.352": 0.033362680559883784, "A.353": -0.05602170128489765, "A.299": 0.16390971030731796, "A.298": 0.08836727152123626, "A.330": -0.05203320309498673, "A.502": -1.2678661189668514, "A.456": 0.06719196145947058, "A.331": -0.01662668281134977, "A.519": -0.32159405261014945, "A.529": 0.0015693283982242928, "A.539": -0.16404275811634636, "A.528": 0.0794103817451672, "A.473": 0.04600843415449877, "A.472": -0.04182000443526356, "A.424": -0.04373990704128126, "A.425": 0.04638760453761678, "A.426": 0.03168564302914104, "A.427": 0.00886878303347217, "A.420": -0.033794632334326925, "A.421": -0.058079166533178184, "A.422": -0.031040254917712534, "A.423": 0.08464450907468755, "A.428": 0.034620583526957543, "A.429": 0.07366064723424265, "A.280": -0.11008841035433674, "A.281": -0.031107456297608613, "A.282": -0.035964446560334803, "A.283": 0.09078554606093757, "A.284": -0.012901402260165213, "A.285": -0.026681226353719084, "A.286": -0.14272080260251271, "A.287": -0.12378004050221639, "A.288": -0.023166451297398926, "A.289": -0.014691289551566704, "A.361": -0.4328633865061062, "A.360": -0.33669033964705936,